"ADDR_ID","ADDRESS"
98,"Studio 4, Mitchell prairie, Richardsonville, N41 2AF"
99,"90 Dean greens, South Margaretbury, JE1H 5FE"
117,"Flat 5, Morton view, Lake Jay, M85 8SF"
118,"Studio 37, Anna summit, North June, B2E 2JT"
93,"Flat 6, Ronald route, Patrickfort, CT76 4SX"
115,"01 Hodgson fork, Lindastad, OL3V 3BS"
91,"Studio 0, Bruce bypass, Parrychester, L3 7QR"
114,"56 Gardiner causeway, Kentton, ZE0P 6DD"
113,"Studio 95, Marilyn path, Robertsberg, E62 8XF"
89,"Studio 8, Malcolm parkways, West Derektown, SS9W 1ZH"
112,"Studio 47, Amelia hills, Lake Victoriafurt, E1E 9PL"
88,"429 Christian stream, West Marcusfurt, BR3A 5ET"
110,"Flat 37, Cooper club, Lake Gailburgh, N7 3YT"
87,"73 Clifford villages, Jillland, W1 0ZG"
109,"788 Dominic field, Lake Mitchell, G9J 3FP"
106,"324 Nicola walk, Littlefort, L7 5BE"
84,"Studio 31, Margaret keys, Port Alice, MK86 9UA"
105,"Flat 89, Mohammad station, West Henry, ST43 9QA"
83,"70 Wood circles, South Leetown, N78 8JN"
104,"0 Carly islands, Hillstad, NR5 0BH"
80,"Flat 4, Alan harbor, Lake Iain, WF2 3GF"
81,"1 Patel knolls, Port Martin, B91 6HW"
79,"9 Gerald burgs, Port Helen, CW8P 2EH"
100,"107 Walker manor, West Sylviamouth, L9D 2ZU"
77,"9 Kim mission, Cooperton, N22 6QJ"
1,"9 Rosemary forest, Petertown, KA2H 1YG"
2,"99 Glover knolls, Heathermouth, NW2Y 3QJ"
3,"Flat 51, Ross prairie, East Ronaldberg, TF4 6RN"
4,"50 Natasha burgs, Lake Allanton, GU9P 6XU"
5,"817 Angela tunnel, Judithland, UB8 9LR"
6,"13 Allen road, Port Denisefort, CV96 0UJ"
7,"Studio 4, Garry cliffs, Beverleyland, B5 5GA"
8,"Studio 80, Ward gateway, Port Michelleland, G9 3EG"
9,"6 Julia drive, East Adammouth, WD9 5HY"
10,"042 Liam bridge, Bakerburgh, G79 4PN"
11,"Studio 41x, Hall manors, Adrianside, E78 6BN"
12,"Flat 94, Louis stream, Tonytown, G4E 7FG"
13,"776 Dale islands, New Zoebury, L31 0WD"
14,"424 Jemma creek, Eleanortown, TD8A 1SH"
15,"152 Aimee coves, South Brian, S6 9XH"
16,"Studio 69, Rosemary fords, Michelleton, LE0 9DJ"
17,"Studio 2, Amanda lake, East Paulmouth, DH74 6TJ"
18,"Studio 33q, Simmons cliffs, Evansville, E02 9ZD"
19,"Flat 9, Malcolm shoal, Carolchester, KA2 0SA"
20,"Studio 80, Hayes place, East Joannaton, HU5B 8GJ"
21,"Flat 40, Austin forge, West Sean, E4K 4TB"
22,"Studio 02, Marion summit, Dobsonville, W54 1NG"
23,"Studio 10K, Jake village, New Bradley, BB7 8UR"
24,"05 Naomi underpass, North Derek, W4 1DG"
25,"Flat 79, Ahmed shoal, Elainemouth, DE4 2ZY"
26,"Studio 18, Danny way, South Geraldview, G1 8AS"
27,"Studio 87s, Robert stream, New Russell, G4T 7NA"
28,"39 Jasmine glens, West Lynn, B19 9SR"
29,"248 Leon spurs, Barrytown, WN17 3EB"
30,"132 Douglas mills, Port Elliotborough, B1 1GU"
31,"Flat 73v, Storey ranch, Williamsland, ZE40 9DD"
32,"Studio 35T, James mountain, Evansstad, NN68 5AZ"
33,"Studio 2, Kelly freeway, Jordanville, N6E 8YN"
34,"1 Smith mews, Carlychester, TS4 8WW"
35,"Flat 92, Lynne manor, Hoopermouth, W8 7SL"
36,"298 Justin shoal, Benjaminbury, E9W 8ER"
37,"Studio 7, Clive key, North Jaynetown, TW8 4NZ"
38,"Studio 64g, Fowler forks, West Joshuatown, L0 3YG"
39,"Flat 62g, King ford, Hollieton, W2U 4WQ"
40,"15 Pearson spring, Taylorstad, N47 7XT"
41,"Studio 1, Hartley cove, Hayesfurt, SM8W 0SL"
42,"Flat 17s, Colin common, East Kennethbury, HA1B 8DQ"
43,"Flat 81, Green lane, Lindastad, KW73 2AE"
44,"Flat 92C, Walters plains, Herbertchester, JE15 8BD"
45,"3 Hammond stravenue, Port Brianhaven, N4 0XL"
46,"245 Smith lodge, Mayside, N6J 5XW"
47,"709 Jill ridges, Port Terryview, CW2B 5HJ"
48,"316 Raymond village, Garyfurt, WF3 9QE"
49,"61 Hughes spur, Alisonburgh, L9W 7JN"
50,"1 Price lake, Pottershire, S4 7WY"
51,"Flat 4, Jay drive, Ruthmouth, EX23 4ZF"
52,"Studio 64, Parker harbors, Alanview, S33 1QJ"
53,"1 Hayley stream, Port Joan, E01 5XZ"
54,"Flat 51, McDonald knoll, Bentleyview, W54 1LS"
55,"01 Roberts islands, Roseside, B1 3BJ"
56,"276 Evans junction, Port Gillian, SG0 1NR"
57,"7 Phillips manor, Port Sophiemouth, G2T 2DQ"
58,"234 Francis shoals, East Richard, DN3H 8UR"
59,"Studio 12l, Pamela skyway, Milesfurt, E3A 1HE"
60,"191 Alan lock, North Amanda, CA8 2NU"
61,"20 Alice lodge, Port Simonside, YO6 7LY"
62,"Flat 3, Kelly springs, Lake Reece, L75 3ZY"
63,"23 Ali locks, Shortview, HX66 4QD"
64,"24 Molly plaza, Lydiamouth, L9H 6GU"
65,"11 Donna shore, Cookemouth, G7C 8UQ"
66,"55 Dawson tunnel, New Tom, L3B 1FS"
67,"Flat 66, Katherine circle, Shawshire, ZE66 2JZ"
68,"569 Poole heights, Charlenestad, M2A 3WB"
69,"Studio 4, Marie squares, New Pauline, N2S 3EN"
70,"07 Oliver ramp, Coxtown, TN97 8HZ"
71,"Flat 94z, Barnes parkways, Deanstad, M12 5TB"
72,"590 Janet track, West Oliver, LA7B 4WR"
73,"3 Finch spring, Lake Kerry, DL9 3UJ"
74,"99 Frank view, Lucyshire, M2E 4DY"
75,"5 Frances plains, Amandaton, CB0 6AU"
76,"Flat 47, Jones meadow, West Sharonbury, S2T 5BX"
78,"Flat 3, Callum turnpike, Juliemouth, KT3H 2NU"
101,"Studio 5, Dale plains, Paulburgh, N3 4UU"
102,"549 Callum port, South Rogerfurt, S9 2YD"
103,"Studio 24, Duffy highway, South Leslie, LN4 6TF"
82,"Studio 8, Teresa landing, Damienfurt, RH06 4BS"
85,"939 Cameron street, Hughmouth, L68 0HA"
108,"0 Eleanor inlet, Williamsville, N5H 9TZ"
107,"Studio 4, Ball wells, Harrisonbury, E95 8BL"
86,"Flat 80q, Lawrence glens, Carterstad, SR2N 2FT"
111,"5 Mathew crescent, Port Williambury, TQ4 6PP"
90,"Studio 9, Marcus islands, Kathrynfort, W2F 4LQ"
92,"Flat 17, Lynne knoll, Thorpetown, DL0 8FH"
116,"671 Parry lane, Richardsfort, PH0R 0AX"
94,"Studio 79C, Green groves, New Sandra, TS9P 7LJ"
95,"Flat 99, Jonathan lodge, Shawside, E1 0BS"
96,"077 Mitchell club, New Donald, E2D 5NE"
119,"Studio 88, Clarke ford, Rosstown, N6U 2DN"
120,"549 Lucy mountains, West Mandy, ZE2Y 4LE"
97,"Studio 47f, Cooper ridges, West Caroline, W9 3UQ"
121,"Flat 9, Roberts springs, New Aaronhaven, FK20 3LY"
122,"8 Denis port, Port Mollyview, WA24 9QE"
123,"Studio 6, Sophie field, Port Victoriatown, L2 1XP"
124,"37 Danny estates, Lanemouth, N98 9NS"
125,"38 Rogers brooks, North Alison, M23 4EX"
126,"06 Williams estate, Lydiaside, W3 3LY"
127,"Flat 4, Hollie isle, Johnsonberg, OX5P 9BE"
128,"Studio 56P, Sims crossing, Martinmouth, CB0 3QE"
129,"359 Hardy light, South Eileenton, FK3A 5PR"
130,"82 Patel course, Mauricehaven, FK3N 7JR"
131,"Studio 65M, Shaw harbors, Hallport, PA23 4DG"
132,"41 Moore path, South Annberg, B8 3QL"
133,"74 Mason motorway, Lake Marc, M6 2PS"
134,"932 Harvey vista, Lawmouth, M41 7ZS"
135,"9 Lee walks, North Susan, NW52 3JQ"
136,"035 Joe causeway, North Steven, TW7 0AG"
137,"50 Saunders island, Jeremyshire, PR6B 6UY"
138,"106 Thompson ramp, Maxchester, G07 2AU"
139,"Studio 7, Pollard forges, North Nathanstad, S02 7AS"
140,"2 Richard bridge, Birdborough, W4K 4UZ"
141,"12 Hardy oval, Russellchester, W2D 2JH"
142,"Flat 98x, Rahman union, North Andrea, DL69 6HG"
143,"0 Martyn alley, South Katy, S5 5ZB"
144,"324 Wilson light, West Ianmouth, OL5 6QZ"
145,"Studio 68, Spencer meadow, North Joshland, SS5 7HA"
146,"Flat 68, Gibson lakes, Manningstad, M0A 6AH"
147,"Studio 8, Parker islands, Port Cheryl, E4 3YJ"
148,"Studio 14, Lawrence springs, Hollieshire, CV16 3BB"
149,"81 Mandy lake, Warrenside, ST2H 3QF"
150,"Studio 74, Bethan keys, Lake Ruth, L56 5YE"
151,"373 Bird run, Mandychester, SP7 9AX"
152,"Studio 20F, Georgia park, East Bradleybury, L89 1XU"
153,"Studio 16K, Shane crossroad, West Nicole, HU9A 3AP"
154,"8 Maurice summit, Coatesville, W0 8EB"
155,"524 Kieran meadow, Paigehaven, S3D 9UD"
156,"Flat 66X, Alexander square, South Oliverhaven, E6 3YY"
157,"Flat 10, Hughes ville, New Seanberg, GY4 9BG"
158,"Flat 38p, Jemma crest, Lake Wendy, WC71 5QH"
159,"Studio 1, Graeme ridges, Carlyside, CB27 0EX"
160,"954 Dickinson forges, Amberland, B0 8JF"
161,"Studio 59j, Lewis inlet, Marionhaven, GU48 5AF"
162,"Flat 1, Bennett stream, Port Michaelside, W3 9NH"
163,"Flat 08, Rees pike, Hutchinsonhaven, N03 5NB"
164,"37 Powell lakes, West Angela, OX7R 2QN"
165,"5 Marion drive, South Joel, IV6M 6FH"
166,"439 Wendy island, Port Samuelport, BA73 8HH"
167,"Studio 98, Paige pine, Richardsmouth, G6 2DQ"
168,"Studio 4, Denis burgs, Leannebury, BD7 9GL"
169,"Flat 54, Myers hollow, South Jessica, NW2X 7SZ"
170,"Studio 9, Dennis cove, Lindatown, L2 3UY"
171,"971 Ellis isle, West Graceland, L37 4JT"
172,"58 Molly junction, Clarkeville, BD0 3UT"
173,"49 Jenna knoll, Davisfort, L14 6UB"
174,"Studio 98, Skinner forge, South Mohamedtown, N0S 0QL"
175,"4 Hopkins lodge, Ashleyhaven, DT06 7ZF"
176,"334 Gordon parkway, Cookborough, L6 6PD"
177,"8 Jasmine inlet, Fishermouth, W4 5QT"
178,"Flat 80m, Andrew union, Port Gemmaport, SM5 9AA"
179,"Flat 45, Glenn landing, Port Carly, SR1A 0AD"
180,"Flat 75, Bowen crossing, North Sean, PA1 0GT"
181,"Studio 25, Saunders well, North Anthonystad, G5 4EY"
182,"6 Mitchell tunnel, Poolemouth, WC7R 4HU"
183,"Flat 72o, Freeman trafficway, West Beth, BD8E 5ZH"
184,"3 Burke fall, Shanemouth, EX8A 9BP"
185,"91 Rachel pine, Denniston, L94 2NH"
186,"500 Green point, Joycechester, G4J 4EH"
187,"15 Phillips shoals, New Sandra, B48 7AN"
188,"Flat 03, Jordan pine, Port Bradley, JE3 0WA"
189,"Studio 8, Paul trafficway, Lake Daleshire, B43 8DF"
190,"9 Rogers rue, Johnsonburgh, B75 7HJ"
191,"156 Maurice viaduct, Jonathanmouth, G47 5ZD"
192,"Flat 06t, Dominic haven, Thomasburgh, W33 2DL"
193,"Flat 08j, Ben villages, Lesleystad, G11 5UT"
194,"0 Stuart forest, South Joeborough, E90 6LP"
195,"Studio 37x, Pollard hill, South Geraldine, DN15 9YB"
196,"Flat 66V, Ruth plains, Thompsonmouth, WD3 3YD"
197,"Flat 43, Morley vista, North Norman, DD5 4NA"
198,"15 Jones ville, Victoriaborough, SM8M 6QQ"
199,"Studio 25Z, Knight square, Nathanstad, NN04 9UP"
200,"321 Francis ways, North Kirstybury, CW42 5PN"
201,"Flat 1, Duncan stravenue, Smithmouth, N56 2HD"
202,"Flat 8, Guy shores, New Graham, N6 8NF"
203,"Studio 1, Woodward cape, Elizabethton, HD9A 4XP"
204,"1 Elliott ramp, Iainbury, DT6P 7AJ"
205,"Flat 37M, Garry stream, North Katieberg, E9 3NR"
206,"101 Jean road, South Victoriastad, E6U 2YY"
207,"Studio 5, Anne forest, Lake Kennethfurt, TR1 5LR"
208,"Flat 35V, Turner field, New Cliffordland, CW34 5GX"
209,"Flat 2, Anna well, East Hilaryville, UB2Y 7WU"
210,"35 Alan club, Louiseburgh, SL26 3JP"
211,"58 Davey stravenue, North Geraldton, SO32 7RW"
212,"5 Rita club, Kimbury, NE18 2EL"
213,"Studio 5, Leon glen, Lake Louistown, ZE08 3GH"
214,"Flat 01n, Gibbons ridges, Wilsonport, L1 8NJ"
215,"404 Kathleen tunnel, New Frederick, W6J 0JG"
216,"195 Jones knolls, Wilkinsontown, OL9R 7ET"
217,"Flat 32, Kate shores, Port Joe, PR7 5UZ"
218,"90 Wright stravenue, South Josh, M85 0BJ"
219,"6 Knight forge, West Jacquelineport, S9U 2HD"
220,"50 Burrows flats, East Charlieville, PO6M 3SX"
221,"Studio 35, Paula oval, Port Linda, L58 7ZW"
222,"Studio 46w, Chelsea circle, Andreaberg, B3 6RN"
223,"7 Diane springs, Daviesburgh, N9S 2QR"
224,"0 Fox heights, North Russellberg, N3 3AY"
225,"Studio 10, Margaret wells, East Sophieshire, BS3 6BG"
226,"68 Geraldine manor, South Ronald, N53 0TR"
227,"783 Graeme shoal, Williamsshire, L1F 2DW"
228,"868 Hugh cape, Youngshire, TS2Y 9RY"
229,"Flat 1, Joyce flat, Port Harriet, S8U 6FW"
230,"65 Jamie avenue, Lake Lynda, G8 4AD"
231,"Studio 60, Rahman radial, Lewisbury, N6W 6PX"
232,"9 Brown vista, North Gary, ST55 3YD"
233,"Studio 0, Leonard drive, South Frederick, L8 8GH"
234,"Studio 65b, Joel coves, Port Kennethmouth, S02 6JF"
235,"32 Cooper dale, Dalestad, M1B 8JS"
236,"Flat 78b, Bruce cliffs, New Sallymouth, IP3 1QY"
237,"Studio 05P, Hall locks, Lake Edwardview, DE1 5PE"
238,"793 Andrew mountains, Lake Danielle, PE7X 1AU"
239,"Flat 54C, Luke spurs, East Richardfort, LE21 0QS"
240,"89 Williams dale, North Carolebury, UB39 1PH"
241,"504 Patricia port, West Lynneview, L7 2YG"
242,"2 Martyn fields, New Roger, ST5P 8FA"
243,"Studio 75L, Ben valleys, West Clairemouth, WV34 2GS"
244,"Flat 66, Chadwick manor, Lauraside, S2T 5RZ"
245,"Studio 98, Rose track, Kimberleybury, CV75 9EU"
246,"82 Collins brook, Ronaldshire, E5 3XE"
247,"127 Leanne courts, Emilyton, HG4V 4SS"
248,"8 Khan creek, East Mary, S8 2DU"
249,"Flat 0, Lloyd shoal, East Carolineshire, B7B 2GF"
250,"2 Taylor parkway, Callumtown, GY29 3FH"
251,"Flat 52g, Bolton common, East Rickychester, LL1 6BU"
252,"27 Adrian mountain, Curtisborough, PR9 8TT"
253,"Flat 49, Joyce well, Lake Mandyburgh, S1 9BZ"
254,"Flat 69S, Andrea burg, Lake Marie, L12 1LD"
255,"Studio 84, Butler drives, Stuartborough, M8S 6LZ"
256,"291 Field island, Ianfort, RH7 3TW"
257,"459 Claire ferry, Port Tracey, M9U 3AG"
258,"Studio 0, Browne hollow, Ellisstad, NW7 8EZ"
259,"4 Shaun wells, Crawfordshire, W1H 1JF"
260,"7 Hughes centers, Nicoleborough, BN16 6ZE"
261,"2 Rahman roads, Lewischester, DA0 4UE"
262,"0 Hill dam, Wrightburgh, AB2B 3QN"
263,"290 Nathan underpass, Daviesburgh, NG5R 8BQ"
264,"730 Luke trail, Helenton, M25 9YN"
265,"7 Dorothy plains, Port Helen, S85 2HY"
266,"7 Eric cliff, South Jason, G4 7AX"
267,"6 Sullivan lake, Leslieside, E76 4BJ"
268,"783 Rhys stream, New Natalieville, TR07 7XU"
269,"Flat 77q, Sharon track, Lake Megan, E9W 8HH"
270,"Flat 0, Daniel viaduct, West Owen, SS50 8TS"
271,"4 Cooper causeway, Marianfort, NN9R 3AX"
272,"Flat 7, Jasmine spur, Alberthaven, DA88 2TY"
273,"615 Lewis lodge, Williammouth, E4 8FE"
274,"Flat 95u, Carol gardens, North Paula, SN8W 2BJ"
275,"Flat 3, Chan parks, Parkesview, L2 5EZ"
276,"7 Hughes cove, North Mohammed, LL8 0RD"
277,"68 Gregory view, Stewarttown, G4 9PG"
278,"Flat 52S, Charles harbors, East Kyle, L4E 1HD"
279,"44 Gray plains, Huntton, GL2R 6JT"
280,"Flat 60F, Hugh throughway, Carolefort, M0 6QL"
281,"6 Shaw ridges, Hillfort, E3 8UN"
282,"Flat 14, Cooper throughway, Fishertown, B74 5BL"
283,"Studio 03Y, Gerard circle, New Dominic, M96 4GZ"
284,"Flat 40y, Thompson plaza, Port Dawn, PE3 1RL"
285,"5 Mary prairie, Elliston, S21 0PT"
286,"Studio 34, Martin junctions, Robertsside, N6A 6EW"
287,"Studio 2, Kelly walks, New Judith, M32 7BT"
288,"Studio 2, Benjamin throughway, Lake Lynn, IG06 7QL"
289,"Flat 17p, Cameron centers, South Raymond, S65 6NX"
290,"484 Rogers village, West Lydia, SO3 5AL"
291,"21 Simon light, Alexberg, OX79 3BZ"
292,"577 Denise lake, Leetown, E4K 6QU"
293,"660 Ashleigh stravenue, Kathleenfort, L2H 9ZH"
294,"39 Hudson creek, Mitchellville, DD5 0EQ"
295,"Studio 2, Pamela trafficway, West Chloe, NW90 4SE"
296,"Flat 2, Stephanie estates, Bakerstad, WR70 5DU"
297,"Flat 74, Morris mountains, North Gemmachester, B7 2YR"
298,"Flat 1, Tracey shores, North Alan, L63 9BN"
299,"293 Thompson way, Lyndaport, M26 5TA"
300,"68 Stanley heights, West Emilystad, TW93 8TS"
301,"Flat 79, Adams ridges, South Geoffreybury, WF75 3QU"
302,"Studio 28, Jones camp, Rebeccashire, N79 9UT"
303,"212 Rita plains, Elliottchester, E68 3NP"
304,"Studio 40l, Allen tunnel, Robertsborough, EX54 1WB"
305,"Flat 9, Frost knolls, Kathleenchester, CT6 2PB"
306,"63 Arnold walk, Marialand, RH1 1HD"
307,"Flat 48T, Barry groves, Lake Marianberg, BB52 3QQ"
308,"Flat 57g, Deborah lights, Port Joel, W92 9ZE"
309,"737 Lewis path, Robertsonville, B3K 1DF"
310,"925 Sinclair spur, West Nicolemouth, N2U 1NB"
311,"817 Jones parkways, Dylanmouth, E0 5WA"
312,"9 Ronald run, Lake Damien, DH7N 1AW"
313,"Flat 96y, Griffiths points, Abbiefurt, B9B 6TZ"
314,"509 Ball burg, East Mandyland, G4E 0AW"
315,"334 Stacey springs, Georgefurt, HG06 3UZ"
316,"Studio 3, Green roads, Williamsmouth, E42 4SF"
317,"Studio 68, Iain circles, Francishaven, IV94 7XJ"
318,"48 Baker parkways, Raymondton, OL1W 0TA"
319,"Flat 85H, Byrne harbor, East Sylvia, LU9A 3EL"
320,"8 Brown loaf, Woodburgh, L34 9PY"
321,"96 Lowe vista, Robertbury, M0 2NA"
322,"810 Smart flats, Edwardsside, W1A 7ST"
323,"Studio 1, Edwards stravenue, Harrisshire, G88 5GY"
324,"7 Cunningham lock, South Sophie, PA6X 3LB"
325,"04 Christine stravenue, East Jonathanberg, W96 6YS"
326,"Studio 1, Oliver dale, Connormouth, N4K 0JS"
327,"Studio 5, Arnold viaduct, Port Wayneborough, B4 9ZQ"
328,"Studio 93Y, Ann loaf, West Patricia, DT57 5TG"
329,"61 Francesca mission, Hendersonstad, G2 8FD"
330,"9 Cooper place, New Mollymouth, N4G 3PT"
331,"52 Wood viaduct, Lewisside, B7 1DE"
332,"6 Luke shores, Port Sophie, HR2W 5XH"
333,"Flat 35, Brown grove, East Denise, G7 5HW"
334,"2 Evans course, West Hollie, IG71 3YA"
335,"925 Derek ranch, Ellisport, AB08 8YY"
336,"Studio 83, Thomas branch, Carolineberg, N4D 0RE"
337,"Studio 7, Kerry locks, Danielleberg, CH1M 8AE"
338,"Studio 1, Rees spur, East Kimberleyberg, TD2A 0HZ"
339,"153 Houghton center, South Billy, HA6 8WG"
340,"93 Johnson locks, Port Dean, S5 3BE"
341,"Flat 1, Lawson route, Markhaven, SN8 6EN"
342,"Studio 2, Martyn viaduct, South Hayley, G41 9GZ"
343,"Studio 9, Lewis club, Carlyfort, E05 4AX"
344,"074 Marian flat, West Jake, SN5Y 5GG"
345,"8 Hilary meadow, Joyceland, WN28 9PF"
346,"Flat 84s, Hughes meadows, South Brian, WC39 2RG"
347,"Flat 74F, Taylor pines, West Lawrencetown, AB2 5FA"
348,"1 Jean shoal, Richardsonhaven, E75 0ZR"
349,"195 Ashleigh isle, Lake Leonardstad, EH6N 2XX"
350,"Flat 0, Chambers mission, Lake Cliffordview, LD31 1ET"
351,"86 Mason divide, Jayton, NG7 4RN"
352,"Studio 92W, Carly camp, East Alicefurt, DH3 9YZ"
353,"6 Antony corner, Byrnetown, SO8P 7QD"
354,"Flat 43F, Graham keys, Margaretstad, WD1E 7UN"
355,"Flat 19, Robinson spring, Davidstad, FY1M 9EJ"
356,"197 Amber stravenue, Deanport, S36 5FH"
357,"Studio 4, Ford cove, Deborahtown, L9 9PW"
358,"Flat 87I, Mann vista, West Francescashire, TN5W 6XN"
359,"11 Gilbert ridge, Lake Rachaelmouth, E0 0YH"
360,"087 Flynn plaza, Joneshaven, M7 3YU"
361,"Flat 0, Malcolm mountain, Coleschester, G25 9FX"
362,"Flat 91, Adam springs, Iainside, DE9 0ZN"
363,"Studio 6, Preston walks, Haleview, EC19 6XT"
364,"Studio 76, Charlene mount, Osborneview, SK95 2YH"
365,"Studio 7, Gillian terrace, Clivestad, N72 0RP"
366,"Studio 65, Harriet loop, Fletchermouth, SE5A 1RP"
367,"Studio 2, Nicholls path, East Henry, JE7E 5AL"
368,"Flat 33E, Gordon brook, Lake Phillipside, NN25 1ZS"
369,"115 Sheila ways, Sarahton, M5 2AJ"
370,"955 Kerry motorway, Mohammedshire, HU09 2GL"
371,"3 Little flat, Edwardsborough, W7 4FT"
372,"46 Adrian isle, North Douglas, E91 4GH"
373,"Studio 43, Gillian field, Marcusborough, BN4 3JU"
374,"Flat 8, Nixon shore, West Trevor, S4T 6JF"
375,"Flat 68, Brown mews, Woodchester, G2G 9AF"
376,"Flat 91k, Edwards hollow, Amandabury, PL4V 5BX"
377,"3 Williams light, Lake Carol, HX4 7LE"
378,"91 Rosie circles, Jeffreyland, M6 9GY"
379,"Studio 9, King stravenue, Georgeland, EH87 1GG"
380,"305 Wood valleys, Shannonview, W5D 2TA"
381,"6 Abdul gardens, New Judith, PL80 7SN"
382,"Flat 0, Lee grove, Toddfurt, S69 5WQ"
383,"Flat 04j, Russell glen, Lake Joanne, WN90 6TH"
384,"Flat 1, Yates ports, West Jordan, B0K 7GJ"
385,"3 Georgina common, Lewischester, W9H 9ET"
386,"39 Begum spur, Port Claire, N3K 9XU"
387,"Studio 93o, Smith loaf, Port Angelafort, EN90 0WB"
388,"3 Chapman center, West Tomside, M4 1XA"
389,"94 Butcher grove, Jodieport, L0H 4RU"
390,"8 Sophie inlet, Keithland, SM4R 5UP"
391,"4 Harry corners, Nicholsonchester, LL2 4PL"
392,"Flat 20, Tony summit, Kellystad, DH9 2YU"
393,"Flat 4, Chloe loaf, Georgeshire, WR0N 4LY"
394,"Studio 97, Reid walk, Taylorport, TD24 0ES"
395,"19 Baker greens, Hawkinsburgh, SG4 1XJ"
396,"347 Mills light, Pottsberg, L27 9YS"
397,"Flat 6, Jones mill, Damienland, HX8 2WT"
398,"Studio 7, Harris road, New Christopherbury, DL09 3GZ"
399,"7 Lauren mountains, Lake Kerry, L94 4JE"
400,"056 George flat, Port Cameronchester, G1 6PL"
401,"86 Barlow points, Hardingland, W83 8LT"
402,"4 Day lodge, Longview, EH4R 6SQ"
403,"69 Nicholas pass, Martinside, SR5A 6GT"
404,"542 Wright dale, Greenchester, L5T 4ZN"
405,"Studio 68n, Barry burg, Jademouth, L0 5HP"
406,"Flat 80, Nicole road, Harrisontown, E4H 2NR"
407,"1 Robinson springs, Georginafort, S8B 1SP"
408,"Flat 64y, Ruth trail, North Benmouth, L4 2AZ"
409,"Flat 12, Danielle meadow, Stuartview, TA7 9DA"
410,"1 Terry spring, Vincenthaven, EH9 9AP"
411,"Studio 60, Karen route, Port Frederickstad, NP38 9GJ"
412,"118 Francis manors, Mollyhaven, DG82 0PZ"
413,"98 Moore track, Billyport, L0 3NU"
414,"85 Pearce course, West Billyville, TS9M 4NR"
415,"Studio 27, Moore valley, Brownmouth, HS5N 0YP"
416,"092 Eileen pike, South Alex, DA7Y 3YT"
417,"Studio 95X, Edwards overpass, New Pamela, SR66 5XG"
418,"Studio 58, Young burg, South Andreaville, NW18 7JH"
419,"Flat 21, Wayne village, East Elliot, B2 3TL"
420,"Flat 45r, Vincent lock, West Rebecca, L42 3RF"
421,"9 Joanna gardens, Taylorstad, N3A 2ZE"
422,"041 Abbott avenue, Amandaberg, W16 1JR"
423,"36 Cross trace, Boothmouth, W8E 9UJ"
424,"Flat 3, Webster mountains, Port Owenchester, RM0 3BD"
425,"Studio 29, Nicole well, Andrewport, PL28 9YZ"
426,"9 Nelson streets, Port Bernardmouth, B55 4RX"
427,"Studio 47, Turnbull hills, Lake Anthony, E09 1RQ"
428,"896 Frances square, Caroletown, N70 0GH"
429,"Flat 9, Lewis summit, East Denisburgh, N2J 8GN"
430,"Studio 65, Anthony key, Sophieport, ZE9 7XE"
431,"Studio 50P, Adams plain, Wardland, W8J 7FN"
432,"Studio 64J, Carter vista, Lukeberg, TW25 0DZ"
433,"31 George harbors, South Wendy, GY2V 7FQ"
434,"254 Wright meadows, Smithfurt, W2G 3AE"
435,"Flat 8, Jones parkway, Kirkstad, G8 2AP"
436,"Flat 71V, Bibi tunnel, Higginsside, CH8 0NQ"
437,"Flat 42, Lawrence knolls, Davisfurt, HX1A 9EY"
438,"5 Nigel ports, Jonesville, NN86 0XL"
439,"Studio 12, Brown route, East Stephanieland, AL4 3JU"
440,"Flat 58, Jade ports, New Hayleyburgh, E5K 9NP"
441,"Flat 0, Davies union, West Michaelchester, WR4W 5DX"
442,"Flat 22g, Jackson ports, Gibsonborough, N2 4UF"
443,"Flat 4, Albert fields, South Leefurt, S9U 0ET"
444,"Studio 4, Christian junctions, Port Alice, TQ8 6LY"
445,"Studio 5, Rachael road, Port Jamesfort, M8T 0LA"
446,"10 Joyce forge, Bethanmouth, N80 6EZ"
447,"Flat 15Z, Williams pine, South Hayleychester, N97 3NB"
448,"Studio 81A, Peter wells, Mohammedborough, S47 2SR"
449,"Studio 41, White street, East Mariabury, SW14 4RP"
450,"Studio 78g, Connor manor, East Naomi, B3S 7RB"
451,"3 Cole flats, Lake Lindsey, CF36 6ZQ"
452,"Studio 88, Sarah prairie, Anthonychester, G2J 0GH"
453,"90 Jordan pine, Farmerport, PR12 1EU"
454,"1 Lewis court, Richardberg, G31 4LR"
455,"2 Eleanor flats, West Stephenbury, B92 2EP"
456,"83 Houghton rest, East Victoria, SO3 1DN"
457,"Studio 66, Green pine, South Judith, RM9 2AR"
458,"928 Osborne run, Lake Bernardbury, N1K 8UW"
459,"Studio 5, Amanda drive, New Derektown, E6S 0FF"
460,"Studio 0, Jones field, Lynchchester, B8G 1UA"
461,"692 Diana landing, Bellburgh, LD2B 7DD"
462,"Flat 97m, Lee forges, Aliceborough, OL63 9NS"
463,"Flat 3, Nathan glens, New Arthurborough, CM23 1ZT"
464,"124 Townsend port, South Gailchester, W66 7HU"
465,"704 Ian circles, Andreaborough, TF94 6AS"
466,"417 Katy spur, Joshport, B1 9YL"
